date,variant,symbol,side,qty,entry_time,entry,exit_time,exit,exit_reason,gross,costs,net,r_multiple,reason
2026-09-30,orb.base,ITC,-1,85,09:40,264.42,11:05,266.83,stop,-204.8,23.92,-228.72,-1.155,ORB down
2026-09-30,orb.base,BHARTIARTL,-1,14,09:35,1765.87,15:10,1757.73,squareoff,114.0,26.17,87.83,0.46,ORB down
2026-09-30,orb.base,ICICIBANK,1,10,09:45,1314.19,15:10,1321.7,squareoff,75.09,13.98,61.11,0.323,ORB up
2026-09-25,orb.base,TATASTEEL,1,87,09:35,190.14,12:50,187.8,stop,-203.0,17.41,-220.42,-1.113,ORB up
2026-09-25,orb.base,AXISBANK,1,22,09:35,1200.26,14:00,1216.7,target,361.68,28.23,333.45,1.73,ORB up
2026-09-25,orb.base,RELIANCE,1,13,09:35,1225.77,15:10,1223.63,squareoff,-27.75,16.88,-44.63,-0.225,ORB up
2026-09-28,orb.base,ICICIBANK,-1,13,09:35,1309.11,15:10,1302.19,squareoff,89.92,18.01,71.91,0.376,ORB down
2026-09-28,orb.base,SBIN,-1,16,09:35,970.61,15:10,961.89,squareoff,139.52,16.41,123.11,0.647,ORB down
2026-09-28,orb.base,TATASTEEL,-1,81,09:35,186.11,15:10,185.64,squareoff,38.76,15.97,22.79,0.114,ORB down
2026-09-29,orb.base,ITC,-1,102,09:35,263.82,11:50,265.88,stop,-210.01,28.62,-238.63,-1.182,ORB down
2026-09-29,orb.base,BAJFINANCE,-1,16,09:35,967.21,15:10,969.99,squareoff,-44.5,16.43,-60.93,-0.305,ORB down
2026-09-29,orb.base,INFY,-1,14,09:35,990.7,15:10,987.5,squareoff,44.89,14.69,30.2,0.153,ORB down
2026-10-01,orb.base,SBIN,1,18,09:40,964.09,12:45,952.81,stop,-202.95,18.27,-221.22,-1.118,ORB up
2026-10-01,orb.base,TATASTEEL,-1,70,09:35,183.72,12:45,178.24,target,383.94,13.48,370.46,1.873,ORB down
2026-10-01,orb.base,BHARTIARTL,1,11,09:40,1752.83,13:25,1734.58,stop,-200.71,20.32,-221.03,-1.134,ORB up
